{
  "kind": "collectionType",
  "collectionName": "group_locations",
  "info": {
    "singularName": "group-location",
    "pluralName": "group-locations",
    "displayName": "Group Location",
    "description": "Infrastructure locations and domains for ransomware groups"
  },
  "options": {
    "draftAndPublish": true
  },
  "pluginOptions": {},
  "attributes": {
    "fqdn": {
      "type": "string",
      "required": true
    },
    "type": {
      "type": "string",
      "required": false
    },
    "available": {
      "type": "boolean",
      "required": false,
      "default": true
    },
    "lastScrape": {
      "type": "datetime",
      "required": false
    },
    "group": {
      "type": "relation",
      "relation": "manyToOne",
      "target": "api::ransomware-tracker.ransomware-tracker",
      "inversedBy": "locations"
    }
  }
}
