{
  "kind": "collectionType",
  "collectionName": "press_coverage",
  "info": {
    "singularName": "press-coverage",
    "pluralName": "press-coverages",
    "displayName": "Press Coverage",
    "description": "Media coverage and press reports for ransomware attacks"
  },
  "options": {
    "draftAndPublish": true
  },
  "pluginOptions": {},
  "attributes": {
    "link": {
      "type": "string",
      "required": true
    },
    "source": {
      "type": "string",
      "required": false
    },
    "summary": {
      "type": "text",
      "required": false
    },
    "date": {
      "type": "date",
      "required": false
    },
    "victim": {
      "type": "relation",
      "relation": "oneToOne",
      "target": "api::victim.victim",
      "inversedBy": "press"
    }
  }
}
