{
  "kind": "collectionType",
  "collectionName": "victim_summaries",
  "info": {
    "singularName": "victim-summary",
    "pluralName": "victim-summaries",
    "displayName": "Victim Summary",
    "description": "Aggregated victim statistics and summaries for ransomware groups"
  },
  "options": {
    "draftAndPublish": true
  },
  "pluginOptions": {},
  "attributes": {
    "totalVictims": {
      "type": "integer",
      "required": false,
      "min": 0
    },
    "countries": {
      "type": "json",
      "required": false,
      "description": "Country statistics"
    },
    "sectors": {
      "type": "json",
      "required": false,
      "description": "Sector statistics"
    },
    "attackDates": {
      "type": "json",
      "required": false,
      "description": "Attack date statistics"
    },
    "recentAttacks": {
      "type": "json",
      "required": false,
      "description": "Recent attack data"
    },
    "group": {
      "type": "relation",
      "relation": "manyToOne",
      "target": "api::ransomware-tracker.ransomware-tracker",
      "inversedBy": "victimSummary"
    }
  }
}
