{
  "kind": "collectionType",
  "collectionName": "ransomware_trackers",
  "info": {
    "singularName": "ransomware-tracker",
    "pluralName": "ransomware-trackers",
    "displayName": "Ransomware Tracker",
    "description": "Ransomware groups and their comprehensive data"
  },
  "options": {
    "draftAndPublish": true
  },
  "pluginOptions": {},
  "attributes": {
    "pageType": {
      "type": "enumeration",
      "enum": ["dashboard", "group-profile"],
      "required": true,
      "unique": false
    },
    "dashboardData": {
      "type": "json",
      "required": false
    },
    "groupData": {
      "type": "json",
      "required": false
    },
    "title": {
      "type": "string",
      "required": true
    },
    "slug": {
      "type": "uid",
      "targetField": "title"
    },
    "description": {
      "type": "blocks"
    },
    "Image": {
      "type": "media",
      "multiple": false,
      "allowedTypes": [
        "images",
        "files",
        "videos"
      ]
    },
    "status": {
      "type": "enumeration",
      "enum": ["active", "rebranded", "state-sponsored", "unknown"],
      "required": false
    },
    "country": {
      "type": "string",
      "required": false
    },
    "sectorTarget": {
      "type": "string",
      "required": false
    },
    "lastActivity": {
      "type": "date",
      "required": false
    },
    "victims": {
      "type": "string",
      "required": false
    },
    "avgRansom": {
      "type": "string",
      "required": false
    },
    "groupstatus": {
      "type": "enumeration",
      "enum": ["active", "inactive", "rebranded", "unknown"],
      "required": false
    },
    "totalLocations": {
      "type": "integer",
      "required": false,
      "min": 0
    },
    "activeLocations": {
      "type": "integer",
      "required": false,
      "min": 0
    },
    "researchLinks": {
      "type": "json",
      "required": false
    },
    "tools": {
      "type": "json",
      "required": false
    },
    "ttps": {
      "type": "json",
      "required": false
    },
    "parserEnabled": {
      "type": "boolean",
      "required": false,
      "default": false
    },
    "victimsData": {
      "type": "relation",
      "relation": "oneToMany",
      "target": "api::victim.victim",
      "mappedBy": "group"
    },
    "locations": {
      "type": "relation",
      "relation": "oneToMany",
      "target": "api::group-location.group-location",
      "mappedBy": "group"
    },
    "victimSummary": {
      "type": "relation",
      "relation": "oneToMany",
      "target": "api::victim-summary.victim-summary",
      "mappedBy": "group"
    }
  }
}
