{
  "kind": "collectionType",
  "collectionName": "victims",
  "info": {
    "singularName": "victim",
    "pluralName": "victims",
    "displayName": "Victim",
    "description": "Ransomware attack victims"
  },
  "options": {
    "draftAndPublish": true
  },
  "pluginOptions": {},
  "attributes": {
    "victim": {
      "type": "string",
      "required": true
    },
    "description": {
      "type": "text",
      "required": false
    },
    "attackDate": {
      "type": "date",
      "required": false
    },
    "country": {
      "type": "string",
      "required": false
    },
    "activity": {
      "type": "string",
      "required": false
    },
    "extrainfos": {
      "type": "json",
      "required": false
    },
    "group": {
      "type": "relation",
      "relation": "manyToOne",
      "target": "api::ransomware-tracker.ransomware-tracker",
      "inversedBy": "victimsData"
    },
    "infostealer": {
      "type": "relation",
      "relation": "oneToOne",
      "target": "api::infostealer-data.infostealer-data",
      "mappedBy": "victim"
    },
    "press": {
      "type": "relation",
      "relation": "oneToOne",
      "target": "api::press-coverage.press-coverage",
      "mappedBy": "victim"
    }
  }
}
